year,region,christianity_protestant,christianity_romancatholic,christianity_easternorthodox,christianity_anglican,christianity_other,christianity_all,judaism_orthodox,judaism_conservative,judaism_reform,judaism_other,judaism_all,islam_sunni,islam_shi’a,islam_ibadhi,islam_nationofislam,islam_alawite,islam_ahmadiyya,islam_other,islam_all,buddhism_mahayana,buddhism_theravada,buddhism_other,buddhism_all,zoroastrianism_all,hinduism_all,sikhism_all,shinto_all,baha’i_all,taoism_all,jainism_all,confucianism_all,syncretism_all,animism_all,noreligion_all,otherreligion_all,religion_all,population,world_population,protestant_percent,romancatholic_percent,easternorthodox_percent,anglican_percent,otherchristianity_percent,christianity_percent,orthodox_percent,conservative_percent,reform_percent,otherjudaism_percent,judaism_percent,sunni_percent,shi’a_percent,ibadhi_percent,nationofislam_percent,alawite_percent,ahmadiyya_percent,otherislam_percent,islam_percent,mahayana_percent,theravada_percent,otherbuddhism_percent,buddhism_percent,zoroastrianism_percent,hinduism_percent,sikhism_percent,shinto_percent,baha’i_percent,taoism_percent,jainism_percent,confucianism_percent,syncretism_percent,animism_percent,noreligion_percent,otherreligion_percent,religion_sumpercent,total_percent,worldpopulation_percent
1945,Africa,2074180,672337,7251492,419457,4170594,14588060,0,0,0,80487,80487,0,0,0,0,0,0,5051475,5051475,0,0,53,53,0,137290,1536,0,2021,0,0,0,831,9162018,7396,41833,29065604,29073000,1617000000,0.0713,0.0231,0.2494,0.0144,0.1435,0.5018,0,0,0,0.0028,0.0028,0,0,0,0,0,0,0.1738,0.1738,0,0,0,0,0,0.0047,0.0001,0,0.0001,0,0,0,0,0.3151,0.0003,0.0014,0.9997,1,0.018
1945,Asia,2407144,2222908,181928,3142204,1964907,9919091,0,0,0,30369,30369,7451998,940000,0,0,0,0,27868347,36260345,0,0,113681431,113681431,2710,5230216,12525,55228775,7243,120950,0,0,423153390,22525760,30637661,152491,666325296,663450000,1617000000,0.0036,0.0034,0.0003,0.0047,0.003,0.015,0,0,0,0,0,0.0112,0.0014,0,0,0,0,0.042,0.0547,0,0,0.1713,0.1713,0,0.0079,0,0.0832,0,0.0002,0,0,0.6378,0.034,0.0462,0.0002,1.0043,1.0505,0.4103
1945,Europe,83145512,216041422,86503645,29855595,5361826,420908000,0,0,0,6068020,6068020,0,0,0,0,0,0,29353397,29353397,0,0,725632,725632,0,21691,1748,0,6231,0,181,0,5896,1294177,99829250,2535777,460920750,560750000,1617000000,0.1483,0.3853,0.1543,0.0532,0.0096,0.7506,0,0,0,0.0108,0.0108,0,0,0,0,0,0,0.0523,0.0523,0,0,0.0013,0.0013,0,0,0,0,0,0,0,0,0,0.0023,0.178,0.0045,0.822,1,0.3468
1945,Mideast,87174,635929,3180260,0,108332,4011695,0,0,0,623240,623240,41598322,18496742,0,0,0,0,0,60095064,0,0,0,0,10000,0,0,0,0,0,0,0,0,0,561,478440,65218439,65219000,1617000000,0.0013,0.0098,0.0488,0,0.0017,0.0615,0,0,0,0.0096,0.0096,0.6378,0.2836,0,0,0,0,0,0.9214,0,0,0,0,0.0002,0,0,0,0,0,0,0,0,0,0,0.0073,1,1,0.0403
1945,West. Hem,73173575,171759439,1383846,3537777,2068807,251923444,856827,1426350,1929388,994719,5207284,0,0,0,0,0,0,0,0,0,0,1830820,1830820,0,0,5000,0,0,0,0,0,5500000,228125,23011662,6648385,271343058,289375655,1617000000,0.2529,0.5936,0.0048,0.0122,0.0071,0.8706,0.003,0.0049,0.0067,0.0034,0.018,0,0,0,0,0,0,0,0,0,0,0.0063,0.0063,0,0,0,0,0,0,0,0,0.019,0.0008,0.0795,0.023,0.9377,1.0172,0.179
1950,Africa,3302860,736193,7260770,609769,4884121,16793713,0,0,0,97006,97006,0,0,0,0,0,0,5508523,5508523,0,0,194,194,0,195524,1943,0,3004,0,0,0,973,11084152,19918,2050,33687082,33707000,2231000000,0.098,0.0218,0.2154,0.0181,0.1449,0.4982,0,0,0,0.0029,0.0029,0,0,0,0,0,0,0.1634,0.1634,0,0,0,0,0,0.0058,0.0001,0,0.0001,0,0,0,0,0.3288,0.0006,0.0001,0.9994,1,0.0151
1950,Asia,9360004,25948053,1051829,3612715,5190796,45163397,0,0,0,54754,54754,7987175,923000,0,0,0,0,180211586,189121761,0,14031137,144032385,158063522,114462,301106975,5910591,65452839,453734,921828,1816754,2646410,425681485,76081638,69193934,499371,1273089521,1300208016,2231000000,0.0072,0.02,0.0008,0.0028,0.004,0.0347,0,0,0,0,0,0.0061,0.0007,0,0,0,0,0.1386,0.1455,0,0.0108,0.1108,0.1216,0.0001,0.2316,0.0045,0.0503,0.0003,0.0007,0.0014,0.002,0.3274,0.0585,0.0532,0.0004,0.9791,1.0324,0.5828
1950,Europe,40293475,182146023,91004796,29739026,4534844,347718164,0,0,0,5336066,5336066,0,0,0,0,0,0,30109208,30109208,0,0,759624,759624,0,44995,10022,0,8041,0,500,0,9763,1238087,100773236,512294,385746764,486520000,2231000000,0.0828,0.3744,0.1871,0.0611,0.0093,0.7147,0,0,0,0.011,0.011,0,0,0,0,0,0,0.0619,0.0619,0,0,0.0016,0.0016,0,0.0001,0,0,0,0,0,0,0,0.0025,0.2071,0.0011,0.7929,1,0.2181
1950,Mideast,27091,946089,4047536,0,93138,5113854,1090162,6607,4404,529038,1630211,48934129,20021082,0,0,387994,0,17600,69360805,0,0,0,0,5000,0,0,0,172960,0,0,0,0,0,0,1400170,77683000,77683000,2231000000,0.0003,0.0122,0.0521,0,0.0012,0.0658,0.014,0.0001,0.0001,0.0068,0.021,0.6299,0.2577,0,0,0.005,0,0.0002,0.8929,0,0,0,0,0.0001,0,0,0,0.0022,0,0,0,0,0,0,0.018,1,1,0.0348
1950,West. Hem,80317613,192159498,3245980,4346034,1621869,281690994,1114069,1853690,2524237,1088261,6580257,0,0,0,0,0,0,20770,20770,0,0,188562,188562,0,2006,10001,0,1000,0,0,0,6249873,450003,22938228,9732066,304925532,322455008,2231000000,0.2491,0.5959,0.0101,0.0135,0.005,0.8736,0.0035,0.0057,0.0078,0.0034,0.0204,0,0,0,0,0,0,0.0001,0.0001,0,0,0.0006,0.0006,0,0,0,0,0,0,0,0,0.0194,0.0014,0.0711,0.0302,0.9456,1.0168,0.1445
1955,Africa,4014921,802667,7272036,753661,6094033,18937318,0,0,0,117741,117741,0,0,0,0,0,0,6002686,6002686,0,0,707,707,0,278538,2457,0,7593,0,0,0,1139,9419390,53634,103797,34871366,34925000,2536000000,0.115,0.023,0.2082,0.0216,0.1745,0.5422,0,0,0,0.0034,0.0034,0,0,0,0,0,0,0.1719,0.1719,0,0,0,0,0,0.008,0.0001,0,0.0002,0,0,0,0,0.2697,0.0015,0.003,0.9985,1,0.0138
1955,Asia,12638476,34806115,1254956,3824355,6443511,58967413,0,0,0,81070,81070,8658503,1000000,0,0,0,0,201064244,210722747,0,33522360,144441261,177963621,126582,328331380,6342714,68145114,738141,1182738,1619287,2785120,378770746,82851650,161895190,1402045,1320030368,1436233000,2536000000,0.0088,0.0242,0.0009,0.0027,0.0045,0.0411,0,0,0,0.0001,0.0001,0.006,0.0007,0,0,0,0,0.14,0.1467,0,0.0233,0.1006,0.1239,0.0001,0.2286,0.0044,0.0474,0.0005,0.0008,0.0011,0.0019,0.2637,0.0577,0.1127,0.001,0.9191,1.0318,0.5663
1955,Europe,85570895,223576835,96120344,29306649,6597713,441172436,0,0,0,5178671,5178671,0,0,0,0,0,0,33390170,33390170,0,0,806776,806776,0,93684,57446,0,15068,0,1375,0,26391,1189903,118537427,3246653,485178573,603716000,2536000000,0.1417,0.3703,0.1592,0.0485,0.0109,0.7308,0,0,0,0.0086,0.0086,0,0,0,0,0,0,0.0553,0.0553,0,0,0.0013,0.0013,0,0.0002,0.0001,0,0,0,0,0,0,0.002,0.1963,0.0054,0.8037,1,0.2381
1955,Mideast,32782,1740329,3202941,0,678049,5654101,1509000,9001,6001,442397,1966399,70224037,23256503,0,0,445582,0,27552,93953674,0,0,0,0,14180,0,0,0,0,0,0,0,5588,0,270,1135788,102729730,102730000,2536000000,0.0003,0.0169,0.0312,0,0.0066,0.055,0.0147,0.0001,0.0001,0.0043,0.0191,0.6836,0.2264,0,0,0.0043,0,0.0003,0.9146,0,0,0,0,0.0001,0,0,0,0,0,0,0,0.0001,0,0,0.0111,1,1,0.0405
1955,West. Hem,87090264,213452184,3811061,4292907,2624418,311270834,987432,1644006,2219240,791645,5642323,0,0,0,0,0,0,2730,2730,0,0,613095,613095,0,1003,5000,0,500,0,0,171199,6898286,250001,23641928,15490767,340345738,358220000,2536000000,0.2431,0.5959,0.0106,0.012,0.0073,0.8689,0.0028,0.0046,0.0062,0.0022,0.0158,0,0,0,0,0,0,0,0,0,0,0.0017,0.0017,0,0,0,0,0,0,0,0.0005,0.0193,0.0007,0.066,0.0432,0.9501,1.0161,0.1413
1960,Africa,13038381,14074508,8239314,3033366,23172234,61557803,0,0,0,138994,138994,4990792,0,0,0,0,0,37917444,42908236,0,0,3416,3416,0,363925,2971,0,157462,0,0,0,4646,42355767,265053,1047727,148540947,148806000,2921000000,0.0876,0.0946,0.0554,0.0204,0.1557,0.4137,0,0,0,0.0009,0.0009,0.0335,0,0,0,0,0,0.2548,0.2884,0,0,0,0,0,0.0024,0,0,0.0011,0,0,0,0,0.2846,0.0018,0.007,0.9982,1,0.0509
1960,Asia,17884779,41601765,1518027,4071747,9108298,74184616,0,0,0,80005,80005,9537389,1000000,0,0,0,0,229633620,240171009,0,16766250,179897730,196663980,170443,360471285,7980296,71357167,899468,1357348,2029510,3251560,317448262,89171314,278617080,2879327,1368115590,1594029976,2921000000,0.0112,0.0261,0.001,0.0026,0.0057,0.0465,0,0,0,0.0001,0.0001,0.006,0.0006,0,0,0,0,0.1441,0.1507,0,0.0105,0.1129,0.1234,0.0001,0.2261,0.005,0.0448,0.0006,0.0009,0.0013,0.002,0.1991,0.0559,0.1748,0.0018,0.8583,1.0331,0.5457
1960,Europe,86615387,232373678,102354051,29372814,7610228,458326158,0,0,0,5068023,5068023,0,0,0,0,0,0,35477503,35477503,0,0,853421,853421,0,142373,104871,0,21419,0,2250,0,37975,1141720,133709658,4580629,505756342,639466000,2921000000,0.1354,0.3634,0.1601,0.0459,0.0119,0.7167,0,0,0,0.0079,0.0079,0,0,0,0,0,0,0.0555,0.0555,0,0,0.0013,0.0013,0,0.0002,0.0002,0,0,0,0,0,0.0001,0.0018,0.2091,0.0072,0.7909,1,0.2189
1960,Mideast,23416,1627382,2292182,0,1530960,5473940,1794474,10875,7250,322686,2135285,89797203,26174803,0,0,521848,0,20950,116514804,0,0,0,0,0,0,0,0,200000,0,0,0,0,2800000,277,1762694,128886723,128887000,2921000000,0.0002,0.0126,0.0178,0,0.0119,0.0425,0.0139,0.0001,0.0001,0.0025,0.0166,0.6967,0.2031,0,0,0.004,0,0.0002,0.904,0,0,0,0,0,0,0,0,0.0016,0,0,0,0,0.0217,0,0.0137,1,1,0.0441
1960,West. Hem,102731807,252280539,3864535,5368773,3179424,367425078,1024373,1706028,2293155,1282993,6306549,0,0,0,0,0,0,51536,51536,0,0,2918342,2918342,0,191584,0,0,0,0,0,342398,7525200,300000,22037603,8634058,393694745,409598148,2921000000,0.2508,0.6159,0.0094,0.0131,0.0078,0.897,0.0025,0.0042,0.0056,0.0031,0.0154,0,0,0,0,0,0,0.0001,0.0001,0,0,0.0071,0.0071,0,0.0005,0,0,0,0,0,0.0008,0.0184,0.0007,0.0538,0.0211,0.9612,1.015,0.1402
1965,Africa,20608952,28626956,9117352,5727195,34020771,98101226,0,0,0,147929,147929,6027156,0,0,0,0,0,50640232,56667388,0,0,4572,4572,324,548874,25853,0,557883,0,28913,0,14203,61942649,354423,1570763,219610577,219965000,3280000000,0.0937,0.1301,0.0414,0.026,0.1547,0.446,0,0,0,0.0007,0.0007,0.0274,0,0,0,0,0,0.2302,0.2576,0,0,0,0,0,0.0025,0.0001,0,0.0025,0,0.0001,0,0.0001,0.2816,0.0016,0.0071,0.9984,1,0.0671
1965,Asia,21008991,48324442,1857898,4513000,9780318,85484649,0,0,0,79304,79304,10805320,1020000,0,0,0,0,263388381,275213701,0,18305680,191365422,209671102,138682,396909711,8717537,74982591,1046723,1702647,2309710,4065157,350788060,94583167,305127190,18999278,1524692019,1772609960,3280000000,0.0119,0.0273,0.001,0.0025,0.0055,0.0482,0,0,0,0,0,0.0061,0.0006,0,0,0,0,0.1486,0.1553,0,0.0103,0.108,0.1183,0.0001,0.2239,0.0049,0.0423,0.0006,0.001,0.0013,0.0023,0.1979,0.0534,0.1721,0.0107,0.8601,1.0323,0.5404
1965,Europe,87270229,243240445,107031360,29346138,9288584,476176756,0,0,0,4983768,4983768,0,0,0,0,0,0,36814738,36814738,0,0,900068,900068,0,191110,152295,0,28308,0,3125,0,49559,1093535,147965351,7956387,528349649,676315000,3280000000,0.129,0.3597,0.1583,0.0434,0.0137,0.7041,0,0,0,0.0074,0.0074,0,0,0,0,0,0,0.0544,0.0544,0,0,0.0013,0.0013,0,0.0003,0.0002,0,0,0,0,0,0.0001,0.0016,0.2188,0.0118,0.7812,1,0.2062
1965,Mideast,31888,2864431,2592130,38500,527560,6054509,2247102,13618,9079,355314,2625113,112360336,16077714,40000,0,598115,0,16772097,145848262,0,0,0,0,9938,0,0,0,17627,0,0,0,0,2995006,47680,2156865,159707320,159755000,3280000000,0.0002,0.0179,0.0162,0.0002,0.0033,0.0379,0.0141,0.0001,0.0001,0.0022,0.0164,0.7033,0.1006,0.0003,0,0.0037,0,0.105,0.9129,0,0,0,0,0.0001,0,0,0,0.0001,0,0,0,0,0.0187,0.0003,0.0135,0.9997,1,0.0487
1965,West. Hem,105517643,291058747,5355754,5461806,1502696,408896646,1048530,1746727,2338997,1283311,6417565,0,0,0,0,0,0,89968,89968,0,0,2017642,2017642,0,213487,0,0,8350,2000,0,376219,7993000,279349,20603206,10476376,436770602,450956507,3280000000,0.234,0.6454,0.0119,0.0121,0.0033,0.9067,0.0023,0.0039,0.0052,0.0028,0.0142,0,0,0,0,0,0,0.0002,0.0002,0,0,0.0045,0.0045,0,0.0005,0,0,0,0,0,0.0008,0.0177,0.0006,0.0457,0.0232,0.9685,1.0142,0.1375
1970,Africa,25615793,38089508,9726348,7268620,41386699,122086968,0,0,0,151537,151537,7474780,0,0,0,0,0,59343505,66818285,0,0,11299,11299,472,991566,26094,0,701507,0,32861,0,17679,63335604,446303,916825,255090697,255537000,3655000000,0.1002,0.1491,0.0381,0.0284,0.162,0.4778,0,0,0,0.0006,0.0006,0.0293,0,0,0,0,0,0.2322,0.2615,0,0,0,0,0,0.0039,0.0001,0,0.0027,0,0.0001,0,0.0001,0.2479,0.0017,0.0036,0.9983,1,0.0699
1970,Asia,23692514,54128278,2196653,4894990,17824360,102736795,0,0,0,78269,78269,11703860,1268900,0,0,0,0,305478789,318451549,0,20862636,205627244,226489880,106789,448086953,10441204,79155350,1177687,1965466,2590921,4878755,370782297,98686228,398889032,11119903,1676748046,2013375984,3655000000,0.0118,0.0269,0.0011,0.0024,0.0089,0.051,0,0,0,0,0,0.0058,0.0006,0,0,0,0,0.1517,0.1582,0,0.0104,0.1021,0.1125,0.0001,0.2226,0.0052,0.0393,0.0006,0.001,0.0013,0.0024,0.1842,0.049,0.1981,0.0055,0.8328,1.0309,0.5509
1970,Europe,87380610,248209651,112215607,29225607,11248267,488279742,0,0,0,4883835,4883835,0,0,0,0,0,0,38264883,38264883,0,0,955963,955963,410,242896,199719,0,49039,0,4000,1004,62146,1047415,162011668,7126528,541117580,703129248,3655000000,0.1243,0.353,0.1596,0.0416,0.016,0.6944,0,0,0,0.0069,0.0069,0,0,0,0,0,0,0.0544,0.0544,0,0,0.0014,0.0014,0,0.0003,0.0003,0,0.0001,0,0,0,0.0001,0.0015,0.2304,0.0101,0.7696,1,0.1924
1970,Mideast,36181,2696173,4103446,87580,1340824,8264204,2517669,15258,10172,41135,2584234,132085364,35303241,374000,0,700450,0,27000,168490055,0,0,0,0,0,7470,0,0,96033,0,0,0,0,3326100,153410,1554494,184322590,184476000,3655000000,0.0002,0.0146,0.0222,0.0005,0.0073,0.0448,0.0136,0.0001,0.0001,0.0002,0.014,0.716,0.1914,0.002,0,0.0038,0,0.0001,0.9133,0,0,0,0,0,0,0,0,0.0005,0,0,0,0,0.018,0.0008,0.0084,0.9992,1,0.0505
1970,West. Hem,111207132,327882930,6353581,4603045,5191279,455237967,1146052,1908728,2564626,1516128,7135534,0,0,0,0,0,0,317516,317516,0,0,1345492,1345492,0,495604,19615,1000,270712,15800,980,407172,8294607,613877,27337768,5541211,479697087,498934000,3655000000,0.2229,0.6572,0.0127,0.0092,0.0104,0.9124,0.0023,0.0038,0.0051,0.003,0.0143,0,0,0,0,0,0,0.0006,0.0006,0,0,0.0027,0.0027,0,0.001,0,0,0.0005,0,0,0.0008,0.0166,0.0012,0.0548,0.0111,0.9614,1.0162,0.1365
1975,Africa,31997004,52803680,12815275,8543658,49058004,155217621,0,0,0,178015,178015,8749390,0,0,0,0,0,71486936,80236326,0,0,19123,19123,419,1112884,28132,0,854583,0,37726,3230,22758,64493395,930997,1808791,304013003,304944000,4023000000,0.1049,0.1732,0.042,0.028,0.1609,0.509,0,0,0,0.0006,0.0006,0.0287,0,0,0,0,0,0.2344,0.2631,0,0,0.0001,0.0001,0,0.0036,0.0001,0,0.0028,0,0.0001,0,0.0001,0.2115,0.0031,0.0059,0.9969,1,0.0758
1975,Asia,33137903,62221703,2181466,5038932,33485408,136065411,0,0,0,158067,158067,79435094,1557800,0,0,0,0,267723211,348716105,0,22929200,235072380,258001580,163963,486416662,12236052,85416048,1410128,2845907,2898371,5167140,363792820,99482806,476180772,6244193,1809015253,2217498000,4023000000,0.0149,0.0281,0.001,0.0023,0.0151,0.0614,0,0,0,0.0001,0.0001,0.0358,0.0007,0,0,0,0,0.1207,0.1573,0,0.0103,0.106,0.1163,0.0001,0.2194,0.0055,0.0385,0.0006,0.0013,0.0013,0.0023,0.1641,0.0449,0.2147,0.0028,0.8158,1.0305,0.5512
1975,Europe,86306803,254101668,111135093,28854249,12430347,492828160,0,0,0,4711084,4711084,0,0,0,0,0,0,39403622,39403622,0,0,1008216,1008216,448,347975,204859,0,53174,0,5883,2753,62559,759215,177802241,11223811,550611759,728414000,4023000000,0.1185,0.3488,0.1526,0.0396,0.0171,0.6766,0,0,0,0.0065,0.0065,0,0,0,0,0,0,0.0541,0.0541,0,0,0.0014,0.0014,0,0.0005,0.0003,0,0.0001,0,0,0,0.0001,0.001,0.2441,0.0154,0.7559,1,0.1811
1975,Mideast,79351,2331935,3940450,144271,1208607,7704614,2663460,177564,118376,151850,3111250,150768820,42815413,420500,0,924465,700,40000,194969898,0,0,2083,2083,14254,0,0,0,3227,0,0,0,0,3348710,71656,1661308,210815344,210887000,4023000000,0.0004,0.0111,0.0187,0.0007,0.0057,0.0365,0.0126,0.0008,0.0006,0.0007,0.0148,0.7149,0.203,0.002,0,0.0044,0,0.0002,0.9245,0,0,0,0,0.0001,0,0,0,0,0,0,0,0,0.0159,0.0003,0.0079,0.9997,1,0.0524
1975,West. Hem,113336668,376866912,7120000,5572228,5404995,508300803,1246639,2076093,2792554,1640846,7756132,0,0,0,0,0,2000,346397,348397,0,0,1293282,1293282,0,744286,8827,500,285941,49389,400,1800,8466016,531153,35446166,5862582,533649508,560925800,4023000000,0.2021,0.6719,0.0127,0.0099,0.0096,0.9062,0.0022,0.0037,0.005,0.0029,0.0138,0,0,0,0,0,0,0.0006,0.0006,0,0,0.0023,0.0023,0,0.0013,0,0,0.0005,0.0001,0,0,0.0151,0.0009,0.0632,0.0105,0.9514,1.0146,0.1394
1980,Africa,38564080,63116530,15909839,11091270,58423306,187105025,0,0,0,203504,203504,10695000,0,0,0,0,1414940,84215261,96325201,0,0,24583,24583,494,1245049,30173,0,1007119,0,42620,6460,25760,65021806,1416658,3275548,354313342,355730000,4413000000,0.1084,0.1774,0.0447,0.0312,0.1642,0.526,0,0,0,0.0006,0.0006,0.0301,0,0,0,0,0.004,0.2367,0.2708,0,0,0.0001,0.0001,0,0.0035,0.0001,0,0.0028,0,0.0001,0,0.0001,0.1828,0.004,0.0092,0.996,1,0.0806
1980,Asia,32223395,70791416,2068207,5198237,44443249,154724504,0,0,0,96410,96410,91324970,2346390,0,0,0,144000,189711767,283527127,0,30400850,265217256,295618106,160982,534285058,14023819,89429228,1622880,3748065,3206898,5455525,388806341,95188371,507413215,10074959,1879968273,2313547024,4413000000,0.0139,0.0306,0.0009,0.0022,0.0192,0.0669,0,0,0,0,0,0.0395,0.001,0,0,0,0.0001,0.082,0.1226,0,0.0131,0.1146,0.1278,0.0001,0.2309,0.0061,0.0387,0.0007,0.0016,0.0014,0.0024,0.1681,0.0411,0.2193,0.0044,0.8126,1.0319,0.5243
1980,Europe,84545280,259260904,110595090,27691350,14947256,497039880,0,0,0,4527066,4527066,0,0,0,0,0,14540,40597297,40611837,0,0,1064453,1064453,485,452955,210000,0,69093,0,7765,4502,62972,471016,192888938,12668376,557190400,750079338,4413000000,0.1127,0.3456,0.1474,0.0369,0.0199,0.6626,0,0,0,0.006,0.006,0,0,0,0,0,0,0.0541,0.0541,0,0,0.0014,0.0014,0,0.0006,0.0003,0,0.0001,0,0,0,0.0001,0.0006,0.2572,0.0169,0.7428,1,0.17
1980,Mideast,181143,2429312,4084171,193984,3913986,10802596,2954430,196962,131308,125703,3408403,173218873,48209839,668250,0,1148480,1750,206830,223454022,0,0,9566,9566,30500,31300,3800,0,355901,0,0,0,3000,3371320,235999,2292593,243763001,243999000,4413000000,0.0007,0.01,0.0167,0.0008,0.016,0.0443,0.0121,0.0008,0.0005,0.0005,0.014,0.7099,0.1976,0.0027,0,0.0047,0,0.0008,0.9158,0,0,0,0,0.0001,0.0001,0,0,0.0015,0,0,0,0,0.0138,0.001,0.0094,0.999,1,0.0553
1980,West. Hem,123448293,403236567,5245120,6918519,3558105,542406604,1346562,2242154,3022479,1760417,8371612,2565521,271683,0,0,0,9255,374831,3221290,0,0,1685408,1685408,0,1580032,9064,0,150056,127687,800,3600,9519133,1576665,35846456,6719573,575371524,602026000,4413000000,0.2051,0.6698,0.0087,0.0115,0.0059,0.901,0.0022,0.0037,0.005,0.0029,0.0139,0.0043,0.0005,0,0,0,0,0.0006,0.0054,0,0,0.0028,0.0028,0,0.0026,0,0,0.0002,0.0002,0,0,0.0158,0.0026,0.0595,0.0112,0.9557,1.0153,0.1364
1985,Africa,51004398,73386870,19054140,17519220,67694251,228658879,0,0,0,164828,164828,14060500,0,0,0,0,0,111832184,125892684,0,0,72574,72574,607,1463736,37537,0,1074228,0,49895,9691,43652,69685451,2149016,3141222,430294984,432444000,4834000000,0.1179,0.1697,0.0441,0.0405,0.1565,0.5288,0,0,0,0.0004,0.0004,0.0325,0,0,0,0,0,0.2586,0.2911,0,0,0.0002,0.0002,0,0.0034,0.0001,0,0.0025,0,0.0001,0,0.0001,0.1611,0.005,0.0073,0.995,1,0.0895
1985,Asia,40205810,79653394,2656902,5229835,47278573,175024514,0,0,0,100490,100490,101175272,2038550,0,0,0,0,210059512,313273334,0,36232325,298230177,334462502,262761,598009426,14651868,92520741,1978767,4625986,3508357,1153085,425483823,90948268,542261654,5394112,2061398034,2525823952,4834000000,0.0159,0.0315,0.0011,0.0021,0.0187,0.0693,0,0,0,0,0,0.0401,0.0008,0,0,0,0,0.0832,0.124,0,0.0143,0.1181,0.1324,0.0001,0.2368,0.0058,0.0366,0.0008,0.0018,0.0014,0.0005,0.1685,0.036,0.2147,0.0021,0.8161,1.0308,0.5225
1985,Europe,82115850,260592119,109218297,26909075,17622140,496457481,0,0,0,4364409,4364409,0,0,0,0,0,0,42150125,42150125,0,0,1086688,1086688,523,474973,217500,0,72559,0,9648,6251,89957,713756,210577941,13254594,558898464,769476405,4834000000,0.1067,0.3387,0.1419,0.035,0.0229,0.6452,0,0,0,0.0057,0.0057,0,0,0,0,0,0,0.0548,0.0548,0,0,0.0014,0.0014,0,0.0006,0.0003,0,0.0001,0,0,0,0.0001,0.0009,0.2737,0.0172,0.7263,1,0.1592
1985,Mideast,205699,2614480,4772352,214410,3380557,11187498,3165480,211032,140688,113374,3630574,200174588,60295362,899500,0,1202490,0,258440,262830380,0,0,35000,35000,0,82000,15000,0,7950,0,0,0,9000,4265733,22000,3443865,285507000,285529000,4834000000,0.0007,0.0092,0.0167,0.0008,0.0118,0.0392,0.0111,0.0007,0.0005,0.0004,0.0127,0.7011,0.2112,0.0032,0,0.0042,0,0.0009,0.9205,0,0,0.0001,0.0001,0,0.0003,0.0001,0,0,0,0,0,0,0.0149,0.0001,0.0121,0.9999,1,0.0591
1985,West. Hem,131529564,449070083,5733362,6779340,2478330,595590679,1414994,2255910,3179436,1672354,8522694,2378204,319464,0,0,0,0,284400,2982068,0,0,2013925,2013925,0,1592400,0,0,46920,1950,0,0,10002600,453731,33185698,11139356,632346323,655792000,4834000000,0.2006,0.6848,0.0087,0.0103,0.0038,0.9082,0.0022,0.0034,0.0048,0.0026,0.013,0.0036,0.0005,0,0,0,0,0.0004,0.0045,0,0,0.0031,0.0031,0,0.0024,0,0,0.0001,0,0,0,0.0153,0.0007,0.0506,0.017,0.9642,1.0149,0.1357
1990,Africa,64190743,86230560,21345712,24530704,69195730,265493449,0,0,0,142152,142152,19006292,55294,0,0,0,0,116352402,135413988,0,0,100263,100263,720,1762136,44358,0,1150689,0,57010,11306,57936,73843670,2896489,2848834,480926511,483823000,5313000000,0.1327,0.1782,0.0441,0.0507,0.143,0.5487,0,0,0,0.0003,0.0003,0.0393,0.0001,0,0,0,0,0.2405,0.2799,0,0,0.0002,0.0002,0,0.0036,0.0001,0,0.0024,0,0.0001,0,0.0001,0.1526,0.006,0.0059,0.994,1,0.0911
1990,Asia,57440648,97213932,3244879,4869140,59802501,222571100,0,0,0,104493,104493,270317060,4264900,0,0,0,0,234213938,508795898,0,39303150,332095860,371399010,314540,656018252,18621706,94546096,2301416,5460945,3809813,1279073,459167251,103439157,561364124,8298871,2456127621,2937844992,5313000000,0.0196,0.0331,0.0011,0.0017,0.0204,0.0758,0,0,0,0,0,0.092,0.0015,0,0,0,0,0.0797,0.1732,0,0.0134,0.113,0.1264,0.0001,0.2233,0.0063,0.0322,0.0008,0.0019,0.0013,0.0004,0.1563,0.0352,0.1911,0.0028,0.836,1.0271,0.553
1990,Europe,104482885,288130151,108099811,26146960,20767737,547627544,0,0,0,4094416,4094416,0,0,0,0,0,0,43630843,43630843,0,0,1260132,1260132,610,545390,228000,0,100313,0,11531,9900,243791,970327,236076477,11143445,609866242,845942719,5313000000,0.1235,0.3406,0.1278,0.0309,0.0245,0.6474,0,0,0,0.0048,0.0048,0,0,0,0,0,0,0.0516,0.0516,0,0,0.0015,0.0015,0,0.0006,0.0003,0,0.0001,0,0,0,0.0003,0.0011,0.2791,0.0132,0.7209,1,0.1592
1990,Mideast,818833,4910719,7744332,325884,2272383,16072151,3350310,184083,147266,64729,3746388,224829822,73787108,1095087,0,9123315,0,120000,308955332,0,0,114686,114686,500030,318199,48899,0,224304,0,0,0,28966,3276509,1641499,3027037,336312501,337954000,5313000000,0.0024,0.0145,0.0229,0.001,0.0067,0.0476,0.0099,0.0005,0.0004,0.0002,0.0111,0.6653,0.2183,0.0032,0,0.027,0,0.0004,0.9142,0,0,0.0003,0.0003,0.0015,0.0009,0.0001,0,0.0007,0,0,0,0.0001,0.0097,0.0049,0.009,0.9951,1,0.0636
1990,West. Hem,164839479,452042394,7536184,8081365,10817553,643316975,1045005,1742000,2310987,1684106,6782098,2244386,300371,0,0,0,0,339500,2884257,0,0,2373664,2373664,62501,1205851,258517,61724,1288261,423888,6410,0,9701954,652668,36292691,10963922,679982690,707106969,5313000000,0.2331,0.6393,0.0107,0.0114,0.0153,0.9098,0.0015,0.0025,0.0033,0.0024,0.0096,0.0032,0.0004,0,0,0,0,0.0005,0.0041,0,0,0.0034,0.0034,0.0001,0.0017,0.0004,0.0001,0.0018,0.0006,0,0,0.0137,0.0009,0.0513,0.0155,0.9616,1.013,0.1331
1995,Africa,79905787,105118187,24093088,29167586,76505476,314790124,0,0,0,121360,121360,20999665,100790,0,0,0,0,142495298,163595753,0,0,66300,66300,782,1317227,40993,0,1246159,0,61627,0,48635,74918182,5092209,4358649,560565791,565658000,5670000000,0.1413,0.1858,0.0426,0.0516,0.1353,0.5565,0,0,0,0.0002,0.0002,0.0371,0.0002,0,0,0,0,0.2519,0.2892,0,0,0.0001,0.0001,0,0.0023,0.0001,0,0.0022,0,0.0001,0,0.0001,0.1324,0.009,0.0077,0.991,1,0.0998
1995,Asia,66184385,109255711,11265805,5317003,67756209,259779112,0,0,0,195111,195111,445529796,25290656,0,0,0,200000,135147937,606168389,0,41223800,366985753,408209553,247242,717365785,18492938,96076062,2435313,6283673,4014448,1223947,492135244,112240465,574222830,11549727,2736417009,3228425512,5670000000,0.0205,0.0338,0.0035,0.0016,0.021,0.0805,0,0,0,0.0001,0.0001,0.138,0.0078,0,0,0,0.0001,0.0419,0.1878,0,0.0128,0.1137,0.1264,0.0001,0.2222,0.0057,0.0298,0.0008,0.0019,0.0012,0.0004,0.1524,0.0348,0.1779,0.0036,0.8476,1.0255,0.5694
1995,Europe,70685728,258950188,131764854,26230600,24375882,512007252,0,0,0,2565349,2565349,3784461,4747438,0,0,0,0,33010394,41542293,0,0,1497063,1497063,731,699215,294718,0,129783,0,13413,9562,302461,1232015,176181859,9476286,569770141,745952000,5670000000,0.0948,0.3471,0.1766,0.0352,0.0327,0.6864,0,0,0,0.0034,0.0034,0.0051,0.0064,0,0,0,0,0.0443,0.0557,0,0,0.002,0.002,0,0.0009,0.0004,0,0.0002,0,0,0,0.0004,0.0017,0.2362,0.0127,0.7638,1,0.1316
1995,Mideast,1011208,5202572,8372389,417230,2020163,17023562,4140045,227475,181980,88874,4638374,241259390,86131745,1229556,0,11824580,0,250400,340695671,0,0,0,0,472500,4791,1166,0,278675,0,0,0,0,3534249,323129,7143883,373792871,374116000,5670000000,0.0027,0.0139,0.0224,0.0011,0.0054,0.0455,0.0111,0.0006,0.0005,0.0002,0.0124,0.6449,0.2302,0.0033,0,0.0316,0,0.0007,0.9107,0,0,0,0,0.0013,0,0,0,0.0007,0,0,0,0,0.0094,0.0009,0.0191,0.9991,1,0.066
1995,West. Hem,167722189,484088201,7364578,7948471,14691480,681814919,1003301,1672940,2210662,1665209,6552112,2246832,303545,0,0,0,0,438123,2988500,0,0,2182414,2182414,765727,1481887,245269,60945,757649,237633,6684,40478,10533280,981414,46460699,9375141,718024052,754990021,5670000000,0.2222,0.6412,0.0098,0.0105,0.0195,0.9031,0.0013,0.0022,0.0029,0.0022,0.0087,0.003,0.0004,0,0,0,0,0.0006,0.004,0,0,0.0029,0.0029,0.001,0.002,0.0003,0.0001,0.001,0.0003,0,0.0001,0.014,0.0013,0.0615,0.0124,0.951,1.0126,0.1332
2000,Africa,93403462,119734890,28207100,32521170,62890027,336756649,0,0,0,104482,104482,178749834,9545726,0,0,0,0,207762,188503322,0,0,142869,142869,845,1902086,53080,0,1083236,0,69013,0,77232,78607573,5809663,5854951,613155338,618965000,6077000000,0.1509,0.1934,0.0456,0.0525,0.1016,0.5441,0,0,0,0.0002,0.0002,0.2888,0.0154,0,0,0,0,0.0003,0.3045,0,0,0.0002,0.0002,0,0.0031,0.0001,0,0.0018,0,0.0001,0,0.0001,0.127,0.0094,0.0095,0.9906,1,0.1019
2000,Asia,99313991,111594438,10333466,5166213,30483936,256892044,0,0,0,148450,148450,622088650,51736919,0,0,0,500000,23364060,697689629,4130422,113240351,264339459,381710232,84816,870077984,19356059,97027500,2148598,9749928,4231099,3735637,549045116,77705808,584748329,5859144,2975462044,3488405040,6077000000,0.0285,0.032,0.003,0.0015,0.0087,0.0736,0,0,0,0,0,0.1783,0.0148,0,0,0,0.0001,0.0067,0.2,0.0012,0.0325,0.0758,0.1094,0,0.2494,0.0055,0.0278,0.0006,0.0028,0.0012,0.0011,0.1574,0.0223,0.1676,0.0017,0.853,1.0206,0.574
2000,Europe,69356298,252170341,209425163,22751244,17404399,571107445,0,0,0,2243767,2243767,36589221,5201755,0,0,0,0,5938865,47729841,0,0,3099355,3099355,4782,764336,396383,0,77628,36,15296,0,129943,78139,113729094,6220838,631867789,745596883,6077000000,0.093,0.3382,0.2809,0.0305,0.0233,0.766,0,0,0,0.003,0.003,0.0491,0.007,0,0,0,0,0.008,0.064,0,0,0.0042,0.0042,0,0.001,0.0005,0,0.0001,0,0,0,0.0002,0.0001,0.1525,0.0083,0.8475,1,0.1227
2000,Mideast,1320096,5009970,9124040,9467,1215280,16678853,4471831,245705,196564,41977,4956077,275058426,87053540,1360367,0,12568650,36000,0,376076983,0,0,88823,88823,445000,1141268,15420,0,142471,0,0,0,0,5898000,1775785,2563620,408006515,409782300,6077000000,0.0032,0.0122,0.0223,0,0.003,0.0407,0.0109,0.0006,0.0005,0.0001,0.0121,0.6712,0.2124,0.0033,0,0.0307,0.0001,0,0.9177,0,0,0.0002,0.0002,0.0011,0.0028,0,0,0.0003,0,0,0,0,0.0144,0.0043,0.0063,0.9957,1,0.0674
2000,West. Hem,180216747,490124294,7266522,7843167,24037463,709488193,961597,1603882,2110338,1317719,5993536,2501568,334752,0,0,0,0,1212145,4048465,808358,0,2406419,3214777,1468955,1720060,232021,161765,628141,50238,6959,81105,13592264,4457945,76349251,13043974,758188398,823033224,6077000000,0.219,0.5955,0.0088,0.0095,0.0292,0.862,0.0012,0.0019,0.0026,0.0016,0.0073,0.003,0.0004,0,0,0,0,0.0015,0.0049,0.001,0,0.0029,0.0039,0.0018,0.0021,0.0003,0.0002,0.0008,0.0001,0,0.0001,0.0165,0.0054,0.0928,0.0158,0.9212,1.014,0.1354
2005,Africa,113662262,143240680,32751099,34399221,72948696,397001958,0,0,0,105776,105776,202118074,10758965,0,0,0,0,248681,213125720,0,0,182161,182161,838,2118924,61177,0,1082939,31,73053,10004,84834,79035014,7178005,3562566,696444995,703623000,6436000000,0.1615,0.2036,0.0465,0.0489,0.1037,0.5642,0,0,0,0.0002,0.0002,0.2873,0.0153,0,0,0,0,0.0004,0.3029,0,0,0.0003,0.0003,0,0.003,0.0001,0,0.0015,0,0.0001,0,0.0001,0.1123,0.0102,0.0051,0.9898,1,0.1093
2005,Asia,102910261,121326959,9704939,5492661,35840274,275275093,0,0,0,127286,127286,659270884,53399804,0,0,0,543367,36207787,749421842,13240607,156829163,296031348,466101118,91049,940599251,20940691,107029655,2306979,12228350,4574392,3751375,555845044,79217233,524304023,11552004,3229061362,3666155352,6436000000,0.0281,0.0331,0.0026,0.0015,0.0098,0.0751,0,0,0,0,0,0.1798,0.0146,0,0,0,0.0001,0.0099,0.2044,0.0036,0.0428,0.0807,0.1271,0,0.2566,0.0057,0.0292,0.0006,0.0033,0.0012,0.001,0.1516,0.0216,0.143,0.0032,0.8808,1.0238,0.5696
2005,Europe,68977106,249539088,195164244,21378217,24278988,559337643,0,0,0,2123463,2123463,39933303,6691863,0,0,410000,0,4195351,51230517,0,0,3059535,3059535,5105,996551,412726,0,61087,2178,17648,0,426992,186360,114977698,11924097,629783902,744761600,6436000000,0.0926,0.3351,0.262,0.0287,0.0326,0.751,0,0,0,0.0029,0.0029,0.0536,0.009,0,0,0.0006,0,0.0056,0.0688,0,0,0.0041,0.0041,0,0.0013,0.0006,0,0.0001,0,0,0,0.0006,0.0003,0.1544,0.016,0.8456,1,0.1157
2005,Mideast,1798732,4861634,9773642,10740,1792749,18237497,5222943,31654,21102,33726,5309425,297361142,93682310,1415383,0,15583460,0,112400,408154695,0,0,105908,105908,19500,1454979,17500,0,152950,0,0,0,0,7079400,2652435,2774564,443306418,445958853,6436000000,0.004,0.0109,0.0219,0,0.004,0.0409,0.0117,0.0001,0,0.0001,0.0119,0.6668,0.2101,0.0032,0,0.0349,0,0.0003,0.9152,0,0,0.0002,0.0002,0,0.0033,0,0,0.0003,0,0,0,0,0.0159,0.0059,0.0062,0.9941,1,0.0693
2005,West. Hem,203594477,494915555,7730972,7756664,26881608,740879276,1048228,1747197,2321199,1487754,6604378,2944529,386845,0,0,0,0,1190198,4521572,858297,0,3810102,4668399,1559581,2191657,437055,191600,705878,64811,79864,89362,12979998,5830711,94709150,9231306,790035448,875196370,6436000000,0.2326,0.5655,0.0088,0.0089,0.0307,0.8465,0.0012,0.002,0.0027,0.0017,0.0075,0.0034,0.0004,0,0,0,0,0.0014,0.0052,0.001,0,0.0044,0.0053,0.0018,0.0025,0.0005,0.0002,0.0008,0.0001,0.0001,0.0001,0.0148,0.0067,0.1082,0.0105,0.9027,1.0109,0.136
2010,Africa,143752568,165943467,38254839,38701490,73353476,460005841,0,0,0,106121,106121,234059830,12052097,0,0,0,0,292545,246404472,0,0,224181,224181,951,2347387,74969,0,1183246,62,91857,20009,97374,77615288,8889456,2431187,790602945,799492401,6839000000,0.1798,0.2076,0.0478,0.0484,0.0918,0.5754,0,0,0,0.0001,0.0001,0.2928,0.0151,0,0,0,0,0.0004,0.3082,0,0,0.0003,0.0003,0,0.0029,0.0001,0,0.0015,0,0.0001,0,0.0001,0.0971,0.0111,0.003,0.9889,1,0.1169
2010,Asia,109770301,129766537,9690172,5059090,33635763,287921863,0,0,0,123356,123356,707062171,59850462,0,0,0,500000,37344203,804756836,14043532,165612816,299264578,478920926,94666,1008830303,22509620,108029951,2580737,9860014,4915980,3873075,578913544,81146609,541453380,7479196,3399956676,3857553138,6839000000,0.0285,0.0336,0.0025,0.0013,0.0087,0.0746,0,0,0,0,0,0.1833,0.0155,0,0,0,0.0001,0.0097,0.2086,0.0036,0.0429,0.0776,0.1242,0,0.2615,0.0058,0.028,0.0007,0.0026,0.0013,0.001,0.1501,0.021,0.1404,0.0019,0.8814,1.0217,0.5641
2010,Europe,65717165,244246870,201589183,19997856,26126910,557677984,0,0,0,1378063,1378063,36050392,8609112,0,0,500000,0,6063207,51222711,0,0,1556416,1556416,4404,1125071,490470,0,48120,4320,20000,0,548795,232716,130820732,8937855,623246925,754067657,6839000000,0.0872,0.3239,0.2673,0.0265,0.0346,0.7396,0,0,0,0.0018,0.0018,0.0478,0.0114,0,0,0.0007,0,0.008,0.0679,0,0,0.0021,0.0021,0,0.0015,0.0007,0,0.0001,0,0,0,0.0007,0.0003,0.1735,0.0119,0.8265,1,0.1103
2010,Mideast,2115645,5126980,10901720,16767,1652685,19813797,5517567,33439,22293,31200,5604499,340953009,102299489,1606195,0,3608974,0,152400,448620067,0,0,142503,142503,0,2284384,19000,0,362367,0,0,0,0,8025046,3612800,2808574,487680237,491293037,6839000000,0.0043,0.0104,0.0222,0,0.0034,0.0403,0.0112,0.0001,0,0.0001,0.0114,0.694,0.2082,0.0033,0,0.0073,0,0.0003,0.9131,0,0,0.0003,0.0003,0,0.0046,0,0,0.0007,0,0,0,0,0.0163,0.0074,0.0057,0.9926,1,0.0718
2010,West. Hem,236474406,504625969,8347937,7995216,29049940,786493468,1119839,1866128,2487367,1337936,6811270,3079377,407770,0,0,0,0,991533,4478680,908236,0,3494675,4402911,1651017,2755503,682441,313241,665592,15481,87304,94453,10970832,7244680,103547575,4916120,831582993,928209348,6839000000,0.2548,0.5437,0.009,0.0086,0.0313,0.8473,0.0012,0.002,0.0027,0.0014,0.0073,0.0033,0.0004,0,0,0,0,0.0011,0.0048,0.001,0,0.0038,0.0047,0.0018,0.003,0.0007,0.0003,0.0007,0,0.0001,0.0001,0.0118,0.0078,0.1116,0.0053,0.8959,1.0075,0.1357
